<root><sprite id="loading/louding1-1-1-1.spr">{"header": {"type": "SpriteFrameSheet"}, "resource": {"frames": [{"frame": {"y": 796, "x": 1, "w": 656, "h": 97}, "sourceSize": {"h": 97, "w": 656}, "spriteSourceSize": {"y": 0, "x": 0, "w": 656, "h": 97}}], "meta": {"image": "loading/atlas.rgba8888.png"}}}</sprite><sprite id="loading/gum_.spr">{"header": {"type": "SpriteFrameSheet"}, "resource": {"frames": [{"frame": {"y": 894, "x": 1, "w": 567, "h": 35}, "sourceSize": {"h": 35, "w": 567}, "spriteSourceSize": {"y": 0, "x": 0, "w": 567, "h": 35}}], "meta": {"image": "loading/atlas.rgba8888.png"}}}</sprite><sprite id="loading/logo.spr">{"header": {"type": "SpriteFrameSheet"}, "resource": {"frames": [{"frame": {"y": 1, "x": 796, "w": 411, "h": 626}, "sourceSize": {"h": 626, "w": 411}, "spriteSourceSize": {"y": 0, "x": 0, "w": 411, "h": 626}}], "meta": {"image": "loading/atlas.rgba8888.png"}}}</sprite><sprite id="loading/Logo_darkBG.spr">{"header": {"type": "SpriteFrameSheet"}, "resource": {"frames": [{"frame": {"y": 628, "x": 796, "w": 310, "h": 87}, "sourceSize": {"h": 87, "w": 310}, "spriteSourceSize": {"y": 0, "x": 0, "w": 310, "h": 87}}], "meta": {"image": "loading/atlas.rgba8888.png"}}}</sprite><sprite id="loading/logo_mb.spr">{"header": {"type": "SpriteFrameSheet"}, "resource": {"frames": [{"frame": {"y": 1, "x": 1, "w": 794, "h": 794}, "sourceSize": {"h": 794, "w": 794}, "spriteSourceSize": {"y": 0, "x": 0, "w": 794, "h": 794}}], "meta": {"image": "loading/atlas.rgba8888.png"}}}</sprite><sprite id="loading/bound.spr">{"header": {"type": "SpriteFrameSheet"}, "resource": {"frames": [{"frame": {"y": 716, "x": 796, "w": 213, "h": 213}, "ninePatch": {"y": 70, "x": 70, "w": 73, "h": 73}, "sourceSize": {"h": 213, "w": 213}, "spriteSourceSize": {"y": 0, "x": 0, "w": 213, "h": 213}}], "meta": {"image": "loading/atlas.rgba8888.png"}}}</sprite><sound_stream id="loading/idle_music.ogg"><source path="assets/en/low/games/game2/loading/idle_music.ogg" type="audio/ogg" /><source path="assets/en/low/games/game2/loading/idle_music.mp3" type="audio/mpeg" /></sound_stream><texture id="loading/atlas.rgba8888.png"><source path="assets/en/low/games/game2/loading/atlas.rgba8888.png" type="image/png" /><source path="assets/en/low/games/game2/loading/atlas.rgba8888.webp" type="image/webp" /></texture><texture id="loading/maska.png"><source path="assets/en/low/games/game2/loading/maska.png" type="image/png" /><source path="assets/en/low/games/game2/loading/maska.webp" type="image/webp" /></texture><scene id="loading/scene.object">{"header": {"type": "GameScene"}, "resource": {"states": [{"type": "state", "id": ""}, {"type": "state", "children": [0]}, {"type": "state", "children": [0], "id": "0"}, {"type": "state", "onEnter": 0, "id": ""}, {"type": "state", "children": [3], "id": "3"}, {"type": "state", "children": [2, 4], "mode": "Parallel"}], "nodes": [{"type": "node", "properties": {"Position": {"y": -381, "x": -605}, "Bounds": {"h": 768, "w": 1212}, "DrawOrder": 5, "Id": "sizeFrame", "Size": {"h": 768, "w": 1212}}}, {"type": "ninePatch", "effect": ["ColorModulation"], "properties": {"Color": {"a": 0}, "DrawOrder": 4, "Position": {"y": -380, "x": -826}, "SpriteName": "loading/bound.spr", "Id": "minBounds", "Size": {"h": 774, "w": 1653}}}, {"type": "ninePatch", "effect": ["ColorModulation"], "properties": {"Color": {"a": 0}, "DrawOrder": 3, "Position": {"y": -368, "x": -701}, "SpriteName": "loading/bound.spr", "Id": "maxBounds", "Size": {"h": 2224, "w": 3632}}}, {"type": "node", "properties": {"Position": {"y": -532, "x": -228}, "Id": "listener", "DrawOrder": 4}}, {"type": "sprite", "properties": {"Position": {"y": 678, "x": -27}, "SpriteName": "loading/gum_.spr", "DrawOrder": 5}, "actions": [2]}, {"properties": {"TextureName": "loading/maska.png", "MaskSourceFrame": {"y": 2, "x": 2, "w": 100, "h": 27}, "MaskScale": {"y": 6.188, "x": 7.008}, "MaskSize": {"h": 27, "w": 100}, "DrawOrder": 3, "MaskPosition": {"y": 617.2, "x": 486.5}}, "type": "mask", "children": [4], "effect": ["Mask", "ColorModulation"]}, {"type": "sprite", "properties": {"Position": {"y": 655, "x": 508}, "SpriteName": "loading/louding1-1-1-1.spr", "DrawOrder": 2}}, {"type": "node", "children": [3, 5, 6], "properties": {"Position": {"y": -61}, "DrawOrder": 1}}, {"stateMachine": 1, "actions": [3], "properties": {"Position": {"y": -384, "x": -828}, "DrawOrder": 2, "Id": "progress_bar", "ActionId": ":"}, "namedActions": {":": 0}, "type": "progressBar", "children": [7]}, {"type": "sprite", "properties": {"Position": {"y": -106, "x": 311}, "Scale": {"y": 0.755, "x": 0.755}, "SpriteName": "loading/Logo_darkBG.spr", "DrawOrder": 4}}, {"type": "sprite", "properties": {"Position": {"y": -192, "x": 231}, "Scale": {"y": 0.953, "x": 0.953}, "SpriteName": "loading/logo.spr", "DrawOrder": 3}}, {"type": "sprite", "properties": {"Position": {"y": -300, "x": 29}, "SpriteName": "loading/logo_mb.spr", "DrawOrder": 2}}, {"type": "node", "children": [9, 10, 11], "properties": {"Position": {"y": 303, "x": 401}, "DrawOrder": 2}}, {"type": "stream", "properties": {"SoundName": "loading/idle_music.ogg", "Loop": true, "DrawOrder": 1}, "actions": [4]}, {"actions": [5], "type": "node", "children": [12, 13], "stateMachine": 5, "properties": {"Position": {"y": -404, "x": -828}, "DrawOrder": 1}}, {"type": "screenAlignment", "properties": {"Size": {"h": 768, "w": 1657}, "HAlignment": "Center", "VAlignment": "Center"}, "blend": {"destinationFactor": "InverseSourceAlpha"}, "children": [0, 1, 2, 8, 14], "effect": ["ColorModulation"]}], "actions": [{"duration": 1650, "start": {"y": 678, "x": -27}, "property": "Position", "end": {"y": 678, "x": 551}, "type": "interpolate"}, {"duration": 17, "type": "empty"}, {"type": "sequence", "actions": [0, 1]}, {"action": 0, "type": "reference", "target": 4}, {"doOnEnd": true, "type": "method", "method": "Play"}, {"action": 0, "type": "reference", "target": 13}]}}</scene></root>