<root><sprite id="slot_bg/bg_night.spr">{"header": {"type": "SpriteFrameSheet"}, "resource": {"frames": [{"frame": {"y": 1, "x": 1, "w": 1666, "h": 1706}, "sourceSize": {"h": 1706, "w": 1666}, "spriteSourceSize": {"y": 0, "x": 0, "w": 1666, "h": 1706}}], "meta": {"image": "slot_bg/atlas.bg_night.rgba8888.png"}}}</sprite><scene id="slot_bg/scene.object">{"header": {"type": "GameScene"}, "resource": {"states": [{"type": "state", "transitions": [0, 1, 2], "onEnter": 4, "id": "bg_default", "targets": [1, 2, 3]}, {"type": "state", "transitions": [3, 1, 2], "onEnter": 5, "id": "bg_fs", "targets": [0, 2, 3]}, {"type": "state", "transitions": [0, 3, 2], "onEnter": 3, "id": "bg_fs_to_default", "targets": [1, 0, 3]}, {"type": "state", "transitions": [0, 3, 1], "onEnter": 2, "id": "bg_default_to_fs", "targets": [1, 0, 2]}, {"type": "state", "children": [0, 1, 2, 3]}], "rules": [{"type": "param", "params": ["bg_fs"]}, {"type": "param", "params": ["bg_fs_to_default"]}, {"type": "param", "params": ["bg_default_to_fs"]}, {"type": "param", "params": ["bg_default"]}], "nodes": [{"type": "sprite", "properties": {"Scale": {"x": 1.024}, "SpriteName": "slot_bg/bg_night.spr", "DrawOrder": 1}}, {"properties": {"DrawOrder": 2}, "type": "node", "children": [0], "actions": [0, 5, 8, 0], "effect": ["ColorModulation"]}, {"type": "sprite", "properties": {"Scale": {"x": 1.024}, "SpriteName": "slot_bg/BGnew.spr", "DrawOrder": 1}, "actions": [0, 4, 4, 4]}, {"type": "sprite", "properties": {"Scale": {"x": 1.024}, "SpriteName": "slot_bg/bg_night.spr", "DrawOrder": 1}, "actions": [4, 0, 0, 0]}, {"type": "node", "children": [2, 3], "properties": {"DrawOrder": 1}}, {"type": "node", "children": [1, 4], "properties": {"DrawOrder": 1}}, {"stateMachine": 4, "actions": [11, 13, 18, 23, 27, 31], "properties": {"Position": {"y": -820, "x": -852}, "Id": "BG_Modes", "DrawOrder": 1}, "namedActions": {"bg_default_to_fs": 2, "bg_fs_to_default": 3}, "type": "node", "children": [5]}, {"type": "screenAlignment", "blend": {"destinationFactor": "InverseSourceAlpha"}, "children": [6], "properties": {"Size": {"h": 768, "w": 1657}, "HAlignment": "Center", "VAlignment": "Center"}}], "transitions": [{"type": "rule", "rule": 0}, {"type": "rule", "rule": 1}, {"type": "rule", "rule": 2}, {"type": "rule", "rule": 3}], "actions": [{"property": "Hidden", "type": "discrete", "value": true}, {"duration": 383, "start": {"a": 0}, "property": "Color", "type": "interpolate"}, {"duration": 17, "type": "empty"}, {"type": "sequence", "actions": [1, 2]}, {"property": "Hidden", "type": "discrete"}, {"type": "parallel", "actions": [3, 4]}, {"duration": 383, "type": "interpolate", "property": "Color", "end": {"a": 0}}, {"type": "sequence", "actions": [6, 2]}, {"type": "parallel", "actions": [7, 4]}, {"duration": 400, "type": "empty"}, {"doOnEnd": false, "type": "method", "params": ["bg_fs"], "method": "SendSMEventAsync"}, {"type": "sequence", "actions": [9, 10]}, {"doOnEnd": false, "type": "method", "params": ["bg_default"], "method": "SendSMEventAsync"}, {"type": "sequence", "actions": [9, 12]}, {"action": 0, "type": "reference", "target": 6}, {"action": 1, "type": "reference", "target": 1}, {"action": 3, "type": "reference", "target": 2}, {"action": 3, "type": "reference", "target": 3}, {"type": "parallel", "actions": [14, 15, 16, 17]}, {"action": 1, "type": "reference", "target": 6}, {"action": 2, "type": "reference", "target": 1}, {"action": 2, "type": "reference", "target": 2}, {"action": 2, "type": "reference", "target": 3}, {"type": "parallel", "actions": [19, 20, 21, 22]}, {"action": 3, "type": "reference", "target": 1}, {"action": 1, "type": "reference", "target": 2}, {"action": 1, "type": "reference", "target": 3}, {"type": "parallel", "actions": [24, 25, 26]}, {"action": 0, "type": "reference", "target": 1}, {"action": 0, "type": "reference", "target": 2}, {"action": 0, "type": "reference", "target": 3}, {"type": "parallel", "actions": [28, 29, 30]}]}}</scene><sprite id="slot_bg/BGnew.spr">{"header": {"type": "SpriteFrameSheet"}, "resource": {"frames": [{"frame": {"y": 1, "x": 1, "w": 1666, "h": 1706}, "sourceSize": {"h": 1706, "w": 1666}, "spriteSourceSize": {"y": 0, "x": 0, "w": 1666, "h": 1706}}], "meta": {"image": "slot_bg/atlas.1-1-1-1-1.jpeg.png"}}}</sprite><texture id="slot_bg/atlas.1-1-1-1-1.jpeg.png"><source path="assets/en/low/games/game2/slot_bg/atlas.1-1-1-1-1.jpeg.png" type="image/png" /><source path="assets/en/low/games/game2/slot_bg/atlas.1-1-1-1-1.jpeg.webp" type="image/webp" /></texture><texture id="slot_bg/atlas.bg_night.rgba8888.png"><source path="assets/en/low/games/game2/slot_bg/atlas.bg_night.rgba8888.png" type="image/png" /><source path="assets/en/low/games/game2/slot_bg/atlas.bg_night.rgba8888.webp" type="image/webp" /></texture></root>